"ostja","kaup",,
1,"Jahud",,
1,"Köögiviljad",,
1,"Kuivtoidud",,
1,"Saiad",,
1,"Konservid",,
1,"tang",,
1,"hakklihad",,
1,"kommid",,
1,"Lihaproduktid",,
1,"maitseained",,
2,"äädikas",,
2,"Konservid",,
2,"pärm",,
2,"kuivatatud",,
2,"ihuhooldusvahendid",,
2,"siidrid",,
2,"pant 1.0",,
2,"kala",,
2,"Konservid",,
3,"munad",,
3,"kala",,
3,"majapidamispaber",,
3,"siidrid",,
3,"pant 1.0",,
3,"maitseained",,
3,"Lihaproduktid",,
3,"wc paber",,
3,"lihaproduktid",,
3,"siidrid",,
3,"pant 0.5",,
4,"maitseained",,
4,"maitseained",,
4,"maitseained",,
4,"maitseained",,
4,"leivad",,
4,"saiad",,
4,"kala õlis",,
4,"lihaproduktid",,
4,"piim",,
5,"köögiviljad",,
5,"ketšupid",,
5,"köögiviljad",,
5,"saiad",,
5,"köögiviljad",,
5,"tang",,
5,"jäätis",,
6,"keefir",,
6,"saiad",,
6,"koored",,
6,"tee",,
6,"piim",,
6,"piim",,
6,"köögiviljad",,
6,"tang",,
7,"saiad",,
7,"leivad",,
7,"munad",,
7,"kala õlis",,
7,"koored",,
7,"piim",,
7,"juustud",,
7,"konserveeritud",,
8,"piim",,
8,"munad",,
8,"köögiviljad",,
8,"tang",,
8,"köögiviljad",,
8,"köögiviljad",,
8,"köögiviljad",,
8,"pant 0.5",,
8,"õlled",,
8,"saiad",,
8,"koored",,
8,"leivad",,
8,"liha",,
9,"õlled",,
9,"pant 1.0",,
9,"saiad",,
9,"leivad",,
9,"koored",,
9,"muud alkohoolsed joogid",,
9,"pant 0.5",,
9,"keefir",,
9,"piim",,
9,"siidrid",,
9,"pant 0.5",,
10,"lihaproduktid",,
10,"saiad",,
10,"veinid",,
10,"maitseained",,
10,"maitseained",,
10,"majapidamispaber",,
10,"võid, margariinid",,
10,"liha",,
10,"siidrid",,
10,"pant 0.5",,
10,"keefir",,
10,"piim",,
10,"leivad",,
10,"lihaproduktid",,
11,"saiad",,
11,"munad",,
11,"maitseained",,
11,"maitseained",,
11,"maitseained",,
11,"õlid",,
11,"köögiviljad",,
12,"saiad",,
12,"saiad",,
12,"lihaproduktid",,
12,"lihaproduktid",,
12,"maitseained",,
12,"maitseained",,
12,"kalafileed",,
12,"kala õlis",,
12,"kohv",,
13,"ajalehed",,
13,"õlled",,
13,"pant 0.5",,
13,"krõpsud",,
13,"kalaproduktid",,
13,"saiad",,
13,"saiad",,
13,"lihaproduktid",,
14,"siidrid",,
14,"õlled",,
14,"pant 0.5",,
14,"vahvlid",,
14,"lauavesi",,
14,"pant 1.0",,
14,"saiad",,
14,"piim",,
14,"lihaproduktid",,
15,"saiad",,
15,"pakendatud valmistoidud",,
15,"krõpsud",,
15,"lihaproduktid",,
15,"juustud",,
15,"õlled",,
15,"muud alkohoolsed joogid",,
15,"pant 1.0",,
16,"leivad",,
16,"saiad",,
16,"pant 0.5",,
16,"õlled",,
16,"piim",,
16,"keefir",,
16,"kruup",,
17,"puljongid",,
17,"maitseained",,
17,"maitseained",,
17,"küpsised",,
17,"võid, margariinid",,
17,"liha",,
17,"köögiviljad",,
17,"köögiviljad",,
17,"lihaproduktid",,
18,"saiad",,
18,"kala õlis",,
18,"lihaproduktid",,
18,"saiad",,
18,"liha",,
18,"leivad",,
18,"munad",,
18,"maitseained",,
19,"jahud",,
19,"kondid, koodid",,
19,"tang",,
19,"keefir",,
19,"kruup",,
19,"piim",,
19,"koored",,
19,"puuviljad",,
20,"kondid, koodid",,
20,"Kuivtoidud",,
20,"veinid",,
20,"saiad",,
20,"siidrid",,
20,"pant 1.0",,
20,"konservid",,
20,"konservid",,
21,"ajalehed",,
21,"võid, margariinid",,
21,"krõpsud",,
21,"leivad",,
21,"saiad",,
21,"juuksevärvid",,
21,"külmutatud pooltooted",,
21,"lauavesi",,
21,"pant 1.0",,
21,"õlled",,
21,"pant 0.5",,
21,"õlled",,
21,"pant 0.5",,
21,"piim",,
21,"lihaproduktid",,
21,"naiste hügieenitarbed",,
22,"saiad",,
22,"piim",,
22,"siidrid",,
22,"õlled",,
22,"pant 0.5",,
22,"siidrid",,
22,"pant 0.5",,
22,"WC-puhastusvahendid",,
22,"lihaproduktid",,
22,"maitseained",,
22,"küpsised",,
22,"külmutatud pooltooted",,
22,"kala õlis",,
22,"piim",,
22,"puuviljad",,
23,"piim",,
23,"leivad",,
23,"kange alkohol",,
23,"saiad",,
23,"šokolaadid",,
23,"šokolaadid",,
23,"kalafileed",,
23,"kalafileed",,
23,"kalafileed",,
23,"siidrid",,
23,"pant 0.5",,
23,"munad",,
23,"õlled",,
23,"pant 0.5",,
24,"kastmed",,
24,"konserveeritud",,
24,"köögiviljad",,
24,"leivad",,
24,"kohupiimatooted",,
24,"puuviljad",,
24,"külmutatud pooltooted",,
24,"lihaproduktid",,
24,"kalaproduktid",,
25,"wc paber",,
25,"puuviljad",,
25,"köögiviljad",,
25,"saiad",,
25,"kohupiimatooted",,
25,"kohupiimatooted",,
25,"mahlad",,
25,"koored",,
26,"keefir",,
26,"juurviljad",,
26,"juurviljad",,
26,"kohupiimatooted",,
26,"naiste pesu",,
26,"krõpsud",,
27,"kohupiimatooted",,
27,"saiad",,
27,"puuviljad",,
27,"puuviljad",,
27,"liha",,
27,"liha",,
27,"köögiviljad",,
27,"koored",,
27,"pähklid",,
27,"keefir",,
28,"munad",,
28,"kohupiimatooted",,
28,"lihaproduktid",,
28,"koored",,
28,"keefir",,
28,"juustud",,
28,"kohupiimatooted",,
28,"leivad",,
28,"lihaproduktid",,
28,"mahlad",,
29,"koored",,
29,"puuviljad",,
29,"juustud",,
29,"saiad",,
29,"leivad",,
29,"krõpsud",,
29,"meeste aluspesu",,
29,"õlled",,
29,"pant 0.5",,
29,"õlled",,
29,"pant 1.0",,
29,"kohupiimatooted",,
30,"keefir",,
30,"kalakonservid",,
30,"mahlad",,
30,"leivad",,
30,"pähklid",,
30,"lihaproduktid",,
30,"saiad",,
31,"kohv",,
31,"juustud",,
31,"juustud",,
31,"köögiviljad",,
31,"leivad",,
31,"köögiviljad",,
31,"liha",,
32,"närimiskummid",,
32,"konserveeritud",,
32,"köögiviljad",,
32,"õlled",,
32,"pant 0.5",,
32,"filtriga sigaretid",,
32,"kilekotid",,
33,"mahlad",,
33,"purgis",,
33,"soojad valmistoidud",,
33,"konserveeritud",,
33,"juustud",,
33,"puljongid",,
33,"kange alkohol",,
33,"lihaproduktid",,
34,"mahlad",,
34,"kohupiimatooted",,
34,"naiste jalatsid",,
34,"naiste sukad/sokid",,
34,"taldrikud",,
34,"kohupiimatooted",,
34,"lihaproduktid",,
34,"nõudepesuvahendid",,
34,"puuviljad",,
34,"küpsetustarvikud",,
35,"meeste jalatsid",,
35,"puuviljad",,
35,"õlled",,
35,"pant 0.5",,
35,"saiad",,
35,"lihaproduktid",,
35,"kohupiimatooted",,
35,"kohupiimatooted",,
35,"puuviljad",,
36,"köögiviljad",,
36,"köögiviljad",,
36,"maitsetaimed",,
36,"koored",,
36,"ajalehed",,
36,"saiad",,
36,"pähklid",,
36,"kohupiimatooted",,
36,"keefir",,
36,"õlled",,
36,"pant 0.5",,
36,"veinid",,
37,"õlled",,
37,"pant 1.0",,
37,"küpsised",,
37,"kommid",,
37,"liha",,
37,"juurviljad",,
37,"lihaproduktid",,
37,"mahlad",,
38,"pähklid",,
38,"mahlad",,
38,"mahlad",,
38,"veinid",,
38,"õlled",,
38,"pant 1.0",,
38,"konserveeritud",,
38,"õlled",,
38,"pant 0.5",,
38,"juustud",,
38,"kohupiimatooted",,
38,"liha",,
38,"lihaproduktid",,
39,"köögiviljad",,
39,"meeste sokid",,
39,"kommid",,
39,"kommid",,
39,"õlid",,
39,"võid, margariinid",,
39,"konserveeritud",,
39,"saiad",,
40,"meeste rõivad",,
40,"lihaproduktid",,
40,"konserveeritud",,
40,"kalaproduktid",,
40,"juurviljad",,
40,"kalakonservid",,
40,"lihaproduktid",,
41,"kommid",,
41,"närimiskummid",,
41,"konserveeritud",,
41,"lihaproduktid",,
41,"krõpsud",,
41,"konserveeritud",,
41,"šampoonid",,
42,"äädikas",,
42,"siidrid",,
42,"pant 0.5",,
42,"munad",,
42,"saiad",,
42,"piim",,
42,"piim",,
43,"kange alkohol",,
43,"konserveeritud",,
43,"karastusjoogid",,
43,"pant 0.5",,
43,"ketšupid",,
43,"köögiviljad",,
43,"kalafileed",,
44,"lihaproduktid",,
44,"köögiviljad",,
44,"lihaproduktid",,
44,"hakklihad",,
44,"saiad",,
44,"lihaproduktid",,
44,"filtriga sigaretid",,
44,"filtriga sigaretid",,
45,"köögiviljad",,
45,"keefir",,
45,"köögiviljad",,
45,"õhuvärskendajad",,
45,"õhuvärskendajad",,
45,"maitsetaimed",,
45,"juurviljad",,
45,"kohupiimatooted",,
45,"juustud",,
45,"kalakonservid",,
46,"krõpsud",,
46,"juurviljad",,
46,"õlled",,
46,"pant 0.5",,
46,"puuviljad",,
46,"tee",,
46,"kalafileed",,
46,"tordid",,
46,"mahlad",,
46,"lihaproduktid",,
46,"konserveeritud",,
47,"Närimiskummid",,
47,"Karastusjoogid",,
47,"Beebimänguasjad",,
47,"Majoneesid",,
47,"Juurviljad",,
47,"Puuviljad",,
47,"Pähklid",,
47,"Puuviljad",,
48,"Ajakirjad",,
48,"Keefir",,
48,"Leivad",,
48,"koored",,
48,"koored",,
48,"kohupiimatooted",,
48,"Piim",,
48,"Liha",,
49,"Küpsised",,
49,"Küpsised",,
49,"Küpsised",,
49,"Juurviljad",,
49,"Piim",,
49,"Saiad",,
49,"Keefir",,
49,"koored",,
50,"Piim",,
50,"Puuviljad",,
50,"Liha",,
50,"kohupiimatooted",,
50,"Saiad",,
50,"kohupiimatooted",,
50,"Koogid",,
51,"Mahlad",,
51,"Munad",,
51,"Kalaproduktid",,
51,"Kalaproduktid",,
51,"Õlid",,
51,"Kastmed",,
51,"Närimiskummid",,
52,"Ketšupid",,
52,"Küpsised",,
52,"Küpsised",,
52,"Kommid",,
52,"kohupiimatooted",,
52,"Saiakesed",,
52,"Saiakesed",,
52,"Närimiskummid",,
52,"Lihaproduktid",,
52,"Karastusjoogid",,
52,"Karastusjoogid",,
52,"Pant 1.0",,
53,"Munad",,
53,"Juurviljad",,
53,"koored",,
53,"Keefir",,
53,"hakklihad",,
53,"Lihaproduktid",,
53,"hakklihad",,
53,"Liha",,
53,"Kilekotid",,
53,"Liha",,
54,"Saiad",,
54,"Juurviljad",,
54,"Juurviljad",,
54,"Puuviljad",,
54,"Keefir",,
54,"hakklihad",,
54,"kohupiimatooted",,
55,"kohupiimatooted",,
55,"Jäätis",,
55,"Makaronid",,
55,"Piim",,
55,"lihaproduktid",,
55,"kohupiimatooted",,
55,"Närimiskummid",,
56,"Muud alkohoolsed joogid",,
56,"Pant 0.5",,
56,"Pakendatud valmistoidud",,
56,"Pakendatud valmistoidud",,
56,"Karastusjoogid",,
56,"Pant 0.5",,
56,"Šokolaadid",,
57,"Puuviljad",,
57,"Juurviljad",,
57,"Kastmed",,
57,"Keefir",,
57,"Võid, margariinid",,
57,"Võid, margariinid",,
57,"Jogurtitooted",,
58,"Kilekotid",,
58,"Juurviljad",,
58,"Beebirõivad",,
58,"Piim",,
58,"Pakendamata sink",,
58,"Karastusjoogid",,
58,"Pant 1.0",,
58,"koored",,
58,"Saiad",,
58,"Koogid",,
59,"Kommid",,
59,"Õlled",,
59,"Pant 1.0",,
59,"Piim",,
59,"Kala",,
59,"Šokolaadid",,
59,"Närimiskummid",,
59,"Tulemasinad",,
59,"Saiad",,
59,"Võid, margariinid",,
59,"Juustud",,
59,"Puuviljad",,
59,"Lihaproduktid",,
59,"Konserveeritud",,
59,"Juurviljad",,
60,"WC-puhastusvahendid",,
60,"kohupiimatooted",,
60,"Saiad",,
60,"Puuviljad",,
60,"Juurviljad",,
60,"Jahud",,
60,"Liha",,
61,"Siidrid",,
61,"Pant 1.0",,
61,"Munad",,
61,"Piim",,
61,"Karastusjoogid",,
61,"Pant 1.0",,
61,"Karastusjoogid",,
61,"Pant 1.0",,
62,"Saiad",,
62,"Närimiskummid",,
62,"Karastusjoogid",,
62,"Pant 1.0",,
62,"Munad",,
62,"Kohv",,
62,"Juurviljad",,
63,"Klaasipesuvahendid",,
63,"Külmutatud pooltooted",,
63,"kohupiimatooted",,
63,"Lihaproduktid",,
63,"Lihaproduktid",,
63,"Helbed",,
63,"Padjad",,
64,"Albumid",,
64,"Küpsised",,
64,"Jäätis",,
64,"Õlled",,
64,"Pant 1.0",,
64,"Pakendamata vorst",,
64,"Saiad",,
64,"Kalaproduktid",,
64,"Müsli",,
65,"Saiad",,
65,"koored",,
65,"Juurviljad",,
65,"Juurviljad",,
65,"koored",,
65,"Keefir",,
65,"Juurviljad",,
65,"Puuviljad",,
66,"Piim",,
66,"kohupiimatooted",,
66,"Piim",,
66,"koored",,
66,"Juurviljad",,
66,"Leivad",,
66,"Puuviljad",,
67,"Jogurtitooted",,
67,"Jogurtitooted",,
67,"Ajalehed",,
67,"Küpsised",,
67,"Lihaproduktid",,
67,"Pakendamata vorst",,
67,"Küpsised",,
67,"Närimiskummid",,
68,"Pähklid",,
68,"Pähklid",,
68,"Kommid",,
68,"Puuviljad",,
68,"Tordid",,
68,"Mahlad",,
68,"Mahlad",,
69,"Kuivatatud",,
69,"Puuviljad",,
69,"Saiad",,
69,"Puuviljad",,
69,"Liha",,
69,"Majoneesid",,
69,"Mahlad",,
69,"Kala",,
1,"Piim",,
1,"Kohupiimatooted",,
1,"Pant 0.5",,
1,"Õlled",,
1,"Lihaproduktid",,
1,"koored",,
1,"Juustud",,
1,"Jogurtitooted",,
1,"Juurviljad",,
1,"Puuviljad",,
2,"Juurviljad",,
2,"pärm",,
2,"Juustud",,
2,"Köögiviljad",,
2,"juustud",,
2,"Lihaproduktid",,
2,"Karastusjoogid",,
2,"Pant 0.5",,
3,"Karastusjoogid",,
3,"Pant 0.5",,
3,"Lihaproduktid",,
3,"Konserveeritud",,
3,"Konserveeritud",,
3,"Naiste hügieenitarbed",,
3,"Piim",,
4,"Juustud",,
4,"jogurtitooted",,
4,"Juurviljad",,
4,"Köögiviljad",,
4,"Juurviljad",,
4,"Lihaproduktid",,
4,"Konserveeritud",,
4,"Konserveeritud",,
4,"Kiirtoidud",,
5,"Puuviljad",,
5,"Karastusjoogid",,
5,"Pant 1.0",,
5,"Jäätis",,
5,"Pesupesemisvahendid",,
5,"Pesupesemisvahendid",,
5,"Närimiskummid",,
6,"Juustud",,
6,"juustud",,
6,"Külmutatud pooltooted",,
6,"Leivad",,
6,"Koored",,
6,"Puljongid",,
6,"Juustud",,
7,"Juustud",,
7,"Šokolaadid",,
7,"leivad",,
7,"Šokolaadid",,
7,"Kommid",,
7,"Puuviljad",,
7,"Karastusjoogid",,
7,"Pant 1.0",,
8,"Puuviljad",,
8,"saiad",,
8,"Kommid",,
8,"Juustud",,
8,"Juustud",,
8,"Šokolaadid",,
8,"Lihaproduktid",,
8,"Karastusjoogid",,
8,"Pant 0.5",,
9,"Siidrid",,
9,"Pant 0.5",,
9,"Siidrid",,
9,"Pant 0.5",,
9,"Õlled",,
9,"Naiste sukad/sokid",,
9,"Naiste sukad/sokid",,
9,"Karastusjoogid",,
9,"Ajakirjad",,
10,"Saiakesed",,
10,"Puuviljad",,
10,"leivad",,
10,"Karastusjoogid",,
10,"Pant 0.5",,
10,"Kosmeetika",,
10,"Kommid",,
11,"Mahlad",,
11,"Puuviljad",,
11,"Küpsised",,
11,"Pakendatud valmistoidud",,
11,"Muud alkohoolsed joogid",,
11,"Pant 1.0",,
11,"Piim",,
11,"Hapupiimatooted",,
11,"Veinid",,
12,"Pakendatud valmistoidud",,
12,"Juuksevärvid",,
12,"Naiste deodorandid",,
12,"Sefiirid",,
12,"Külmutatud pooltooted",,
12,"Šokolaadid",,
12,"hommikusöögihelbed",,
13,"Krõpsud",,
13,"võid, margariinid",,
13,"juustud",,
13,"Piim",,
13,"leivad",,
13,"Pakendamata liha",,
13,"Jäätis",,
14,"Puuviljad",,
14,"Karastusjoogid",,
14,"Pant 1.0",,
14,"Kilekotid",,
14,"Närimiskummid",,
14,"Hommikusöögihelbed",,
14,"Küpsetusained",,
14,"maitseained",,
14,"Helbed",,
15,"saiad",,
15,"Mahlad",,
15,"Piim",,
15,"Kastmed",,
15,"riis",,
15,"juustud",,
15,"Lihafileed",,
16,"Puuviljad",,
16,"Saiad",,
16,"Lihaproduktid",,
16,"Lihaproduktid",,
16,"Puuviljad",,
16,"võid, margariinid",,
16,"Kohupiimatooted",,
16,"Kohupiimatooted",,
17,"Kommid",,
17,"Kastmed",,
17,"Juurviljad",,
17,"Lihaproduktid",,
17,"Piim",,
17,"Konserveeritud",,
17,"Šokolaadid",,
18,"Juurviljad",,
18,"Pakendamata vorst",,
18,"Juurviljad",,
18,"puljongid",,
18,"Keefir",,
18,"Leivad",,
18,"Saiad",,
18,"Kalafileed",,
19,"Saiad",,
19,"Külmutatud pooltooted",,
19,"Kalaproduktid",,
19,"Külmutatud pooltooted",,
19,"Karastusjoogid",,
19,"Pant 0.5",,
19,"Siirupid",,
19,"Maitseained",,
19,"Lihaproduktid",,
19,"Juustud",,
20,"Pant 1.0",,
20,"Karastusjoogid",,
20,"Kiirtoidud",,
20,"Soolased määrded",,
20,"Küpsised",,
20,"Pulgakommid/pastillid",,
20,"Ketšupid",,
20,"Lihaproduktid",,
20,"leivad",,
21,"Külmutatud pooltooted",,
21,"Munad",,
21,"Lihaproduktid",,
21,"Külmutatud pagaritooted",,
21,"Külmutatud pooltooted",,
21,"Piim",,
21,"Leivad",,
21,"Koored",,
21,"Juustud",,
22,"Puuviljad",,
22,"Pakendamata sink",,
22,"Lauavesi",,
22,"Pakendatud valmistoidud",,
22,"Lihaproduktid",,
22,"Puuviljad",,
22,"Purgis",,
22,"Juurviljad",,
22,"Juurviljad",,
23,"Karastusjoogid",,
23,"Pant 1.0",,
23,"Mahlad",,
23,"Kange alkohol",,
23,"Kange alkohol",,
23,"Kange alkohol",,
23,"Šokolaadid",,
23,"Kange alkohol",,
23,"Kange alkohol",,
24,"Šokolaadid",,
24,"Munad",,
24,"Piim",,
24,"Majapidamispaber",,
24,"Juustud",,
24,"Saiad",,
24,"Suuhügieenitarbed",,
24,"Lihaproduktid",,
24,"Makaronid",,
24,"Leivad",,
25,"Lihaproduktid",,
25,"Konserveeritud",,
25,"Purgis",,
25,"Konserveeritud",,
25,"Köögiviljad",,
25,"Makaronid",,
25,"Ketšupid",,
25,"Küpsised",,
25,"Köögiviljad",,
26,"Pakendamata liha",,
26,"Pakendamata salatid",,
26,"Õlled",,
26,"Õlled",,
26,"Õlled",,
26,"Õlled",,
26,"Krõpsud",,
26,"Pant 1.0",,
27,"Piim",,
27,"Võid, margariinid",,
27,"Õlid",,
27,"Mahlad",,
27,"Pant 1.0",,
27,"Küpsised",,
27,"Juustud",,
27,"Kastmed",,
27,"Kastmed",,
28,"Majoneesid",,
28,"Külmutatud pooltooted",,
28,"Juustud",,
28,"Sulatatud juustud",,
28,"Ketšupid",,
28,"Mahlad",,
28,"Lihaproduktid",,
28,"Kalaproduktid",,
29,"Jahud",,
29,"Jahud",,
29,"Pakendatud valmistoidud",,
29,"Kastmed",,
29,"Külmutatud pooltooted",,
29,"tatar",,
29,"saiad",,
30,"Pakendatud valmistoidud",,
30,"Lihaproduktid",,
30,"leivad",,
30,"Koored",,
30,"Seened",,
30,"Hommikusöögihelbed",,
30,"Tee",,
30,"Tee",,
30,"Riis",,
30,"Külmutatud pooltooted",,
31,"Müsli",,
31,"Makaronid",,
31,"Šokolaadid",,
31,"Šokolaadid",,
31,"Šokolaadid",,
31,"Makaronid",,
31,"Külmutatud pooltooted",,
32,"Soolased määrded",,
32,"Juurviljad",,
32,"Puuviljad",,
32,"Külmutatud pooltooted",,
32,"Lihaproduktid",,
32,"Munad",,
32,"Puuviljad",,
33,"Köögiviljad",,
33,"Maitsetaimed",,
33,"Köögiviljad",,
33,"Juurviljad",,
33,"Juurviljad",,
33,"Juurviljad",,
33,"Juurviljad",,
34,"Mahlad",,
34,"Munad",,
34,"Kastmed",,
34,"Karastusjoogid",,
34,"Karastusjoogid",,
34,"Mahlad",,
34,"Pant 1.0",,
35,"Krõpsud",,
35,"Juurviljad",,
35,"Puuviljad",,
35,"Karastusjoogid",,
35,"Pant 1.0",,
35,"Köögiviljad",,
35,"Leivad",,
35,"Köögiviljad",,
35,"Lihaproduktid",,
35,"Siirupid",,
36,"Puuviljad",,
36,"Kohv",,
36,"Lihaproduktid",,
36,"Juurviljad",,
36,"Plast/pappsöögitarvikud",,
36,"Krõpsud",,
36,"Plast/pappsöögitarvikud",,
36,"Plast/pappsöögitarvikud",,
36,"Koored",,
36,"Šokolaadid",,
37,"Kohupiimatooted",,
37,"Köögiviljad",,
37,"Automudelid",,
37,"Koored",,
37,"Lihaproduktid",,
37,"Juustud",,
37,"Lihaproduktid",,
37,"Maitseained",,
37,"Majoneesid",,
37,"Piim",,
37,"Konserveeritud",,
38,"Jäätis",,
38,"Külmutatud pooltooted",,
38,"Naiste sukad/sokid",,
38,"Saiad",,
38,"Pakendamata liha",,
38,"Piim",,
38,"Kohupiimatooted",,
38,"Koogid",,
39,"Hommikusöögihelbed",,
39,"Lihafileed",,
39,"Sulatatud juustud",,
39,"Lihaproduktid",,
39,"Piim",,
39,"Köögiviljad",,
39,"Puuviljad",,
39,"Leivad",,
40,"Piim",,
40,"Kommid",,
40,"Leivad",,
40,"Muud alkohoolsed joogid",,
40,"Pant 1.0",,
40,"Kohupiimatooted",,
40,"Siidrid",,
40,"Pant 0.5",,
40,"Kondentspiimad",,
40,"Hapupiimatooted",,
40,"Helbed",,
41,"Puuviljad",,
41,"Mahlad",,
41,"Pakendatud valmistoidud",,
41,"Jahud",,
41,"Kohv",,
41,"Karastusjoogid",,
41,"Hapupiimatooted",,
41,"Pant 0.5",,
42,"Muud alkohoolsed joogid",,
42,"Pant 1.0",,
42,"Šokolaadid",,
42,"Võid, margariinid",,
42,"Helbed",,
42,"Söögiriistad",,
42,"Külmutatud pooltooted",,
42,"Mineraalvesi",,
42,"Pant 0.5",,
43,"Pakendatud valmistoidud",,
43,"Pakendatud valmistoidud",,
43,"Maitseained",,
43,"Kommid",,
43,"Pakendamata liha",,
43,"Mahlad",,
43,"Närimiskummid",,
43,"Küpsised",,
44,"Juurviljad",,
44,"Maitsetaimed",,
44,"Saiad",,
44,"Piim",,
44,"Lihaproduktid",,
44,"Krõpsud",,
44,"Maitseained",,
45,"Lihaproduktid",,
45,"Kilekotid",,
45,"Keefir",,
45,"Puuviljad",,
45,"Koored",,
45,"Piim",,
45,"Munad",,
46,"Saiad",,
46,"Juurviljad",,
46,"Kastmed",,
46,"Lihaproduktid",,
46,"Makaronid",,
46,"Kange alkohol",,
46,"Kilekotid",,
47,"Maitsetaimed",,
47,"Köögiviljad",,
47,"Puuviljad",,
47,"Köögiviljad",,
47,"Muud alkohoolsed joogid",,
47,"Pant 1.0",,
47,"Karastusjoogid",,
47,"Pant 0.5",,
48,"Jäätis",,
48,"Šampoonid",,
48,"Seebid",,
48,"Puuviljad",,
48,"Piim",,
48,"Helbed",,
48,"Köögiviljad",,
49,"Võid, margariinid",,
49,"Küpsised",,
49,"Hapupiimatooted",,
49,"Maitsetaimed",,
49,"Lihaproduktid",,
49,"Köögiviljad",,
49,"Köögiviljad",,
49,"Puuviljad",,
50,"Puuviljad",,
50,"Puuviljad",,
50,"Krõpsud",,
50,"Kiirtoidud",,
50,"Klaasipesuvahendid",,
50,"Saiad",,
50,"Kiirtoidud",,
50,"Piim",,
51,"Leivad",,
51,"Munad",,
51,"Portsjontoidud",,
51,"Lihaproduktid",,
51,"Koored",,
51,"Näkileivad, kuivikud",,
51,"Lihaproduktid",,
51,"Lihaproduktid",,
52,"Popkorn",,
52,"Kohupiimatooted",,
52,"Lihafileed",,
52,"Juustud",,
52,"Makaronid",,
52,"Küpsised",,
52,"Mahlad",,
53,"Palsamid",,
53,"Köögiviljad",,
53,"Kohupiimatooted",,
53,"Küpsised",,
53,"Küpsised",,
53,"Küpsised",,
53,"Hapupiimatooted",,
53,"Jahud",,
54,"Salvrätikud",,
54,"Puuviljad",,
54,"Lihaproduktid",,
54,"Külmutatud pooltooted",,
54,"Muud alkohoolsed joogid",,
54,"Pant 1.0",,
54,"Lihaproduktid",,
55,"Ajakirjad",,
55,"Piim",,
55,"Jogurtitooted",,
55,"Koored",,
55,"Sulatatud juustud",,
55,"Kommid",,
55,"Keefir",,
55,"Köögiviljad",,
56,"Seebid",,
56,"Dušitarbed",,
56,"Kala õlis",,
56,"Kuivtoidud",,
56,"Juustud",,
56,"Leivad",,
56,"Sepikud",,
57,"Kuivtoidud",,
57,"Saiad",,
57,"Piim",,
57,"Kohupiimatooted",,
57,"Koored",,
57,"Kuivtoidud",,
57,"Koored",,
57,"Küpsised",,
58,"Konservid",,
58,"Võid, margariinid",,
58,"Kohv",,
58,"Juurviljad",,
58,"Lihaproduktid",,
58,"Lihaproduktid",,
58,"Küpsised",,
59,"Koored",,
59,"Jahud",,
59,"Õlid",,
59,"Kohupiimatooted",,
59,"Mullad",,
59,"Maitselisandid",,
59,"Maitsetaimed",,
59,"Kala",,
60,"Majoneesid",,
60,"Liha",,
60,"Kommid",,
60,"Juustud",,
60,"Köögiviljad",,
60,"Kommid",,
60,"leivad",,
61,"võid, margariinid",,
61,"Kohupiimatooted",,
61,"juustud",,
61,"Halvaad",,
61,"Küpsised",,
61,"Kohupiimatooted",,
61,"jogurtitooted",,
62,"leivad",,
62,"saiad",,
62,"võid, margariinid",,
62,"juustud",,
62,"kohupiimatooted",,
62,"võid, margariinid",,
62,"Piim",,
63,"Sefiirid",,
63,"Köögiviljad",,
63,"Pakendamata kala",,
63,"leivad",,
63,"Pakendamata salatid",,
63,"Karastusjoogid",,
63,"Pant 0.5",,
64,"Maitseained",,
64,"Lihaproduktid",,
64,"Lihaproduktid",,
64,"Tikud",,
64,"Konservid",,
64,"kodujuustud",,
64,"sepikud",,
65,"Makaronid",,
65,"Lihaproduktid",,
65,"Pant 0.5",,
65,"mineraalvesi",,
65,"Kohupiimatooted",,
65,"Lihaproduktid",,
65,"Puuviljad",,
65,"Puuviljad",,
66,"leivad",,
66,"Seened",,
66,"jogurtitooted",,
66,"Kohv",,
66,"Maitseained",,
66,"Puuviljad",,
66,"Juurviljad",,
67,"Juustud",,
67,"saiad",,
67,"Potililled",,
67,"Näohooldusvahendid",,
67,"Lihaproduktid",,"#REF!"
67,"sepikud",,
67,"Keefir",,
1,"Kommid",,
1,"Juurviljad",,
1,"Piim",,
1,"Saiakesed",,
1,"Kringlid",,
1,"Leivad",,
1,"Sefiirid",,
1,"Lihaproduktid",,
1,"Kohupiimatooted",,
1,"Soolased määrded",,
1,"Pakendamata salatid",,
1,"Pakendatud valmistoidud",,
1,"Koored",,
1,"Saiad",,
1,"Piim",,
2,"Majoneesid",,
2,"Juurviljad",,
2,"Köögiviljad",,
2,"Kringlid",,
2,"Leivad",,
2,"Köögiviljad",,
2,"Juustud",,
2,"Saiad",,
2,"Saiad",,
2,"Ajakirjad",,
2,"DVD-d",,
2,"Koogid",,
3,"Mineraalvesi",,
3,"Pant 1.0",,
3,"külmutatud pooltooted",,
3,"Jogurtitooted",,
3,"Kilekotid",,
3,"külmutatud pooltooted",,
3,"Mahlad",,
3,"Portsjontoidud",,
3,"Köögiviljad",,
3,"WC-puhastusvahendid",,
3,"Dipikastmed",,
3,"Juurviljad",,
4,"Kilekotid",,
4,"Koogid",,
4,"Šokolaadid",,
4,"Saiad",,
4,"Pulgakommid/pastillid",,
4,"Mahlad",,
4,"Pant 1.0",,
4,"Energiajoogid",,
4,"Pant 0.5",,
4,"Köögiviljad",,
4,"Koored",,
4,"Kohupiimatooted",,
4,"Köögiviljad",,
4,"Võid, margariinid",,
5,"Kilekotid",,
5,"Makaronid",,
5,"Riis",,
5,"Piim",,
5,"Lihafileed",,
5,"Külmutatud pooltooted",,
5,"Kohupiimatooted",,
5,"Pakendatud valmistoidud",,
5,"Saiakesed",,
5,"Pulgakommid/pastillid",,
6,"Saiad",,
6,"Saiad",,
6,"Mahlad",,
6,"Pant 1.0",,
6,"Piim",,
6,"Küpsised",,
6,"Võid, margariinid",,
6,"Puuviljad",,
6,"Pakendatud valmistoidud",,
6,"külmutatud pooltooted",,
6,"Šokolaadid",,
7,"Keefir",,
7,"Saiakesed",,
7,"Saiakesed",,
7,"Pakendatud valmistoidud",,
7,"Juustud",,
7,"Kommid",,
7,"Piim",,
7,"Saiakesed",,
7,"Ajakirjad",,
7,"Halvaad",,
8,"Köögiviljad",,
8,"Puuviljad",,
8,"Saiakesed",,
8,"Lihaproduktid",,
8,"Keefir",,
8,"Lihaproduktid",,
8,"Jogurtitooted",,
8,"Saiad",,
8,"Kilekotid",,
8,"Piim",,
8,"Koored",,
8,"Juustud",,
9,"Mahlad",,
9,"Makaronid",,
9,"Tatar",,
9,"Puuviljad",,
9,"Leivad",,
9,"Piim",,
9,"Saiakesed",,
9,"Maitsetaimed",,
9,"Ajakirjad",,
9,"Köögiviljad",,
10,"Jogurtitooted",,
10,"Lihaproduktid",,
10,"Lihafileed",,
10,"Šokolaadid",,
10,"Pakendatud valmistoidud",,
10,"Kilekotid",,
10,"Kastmed",,
10,"Koogid",,
10,"Piim",,
10,"Saiad",,
10,"Leivad",,
10,"Närimiskummid",,
10,"Pesupesemisvahendid",,
10,"Naiste hügieenitarbed",,
11,"külmutatud pooltooted",,
11,"Juustud",,
11,"Lihaproduktid",,
11,"Lihaproduktid",,
11,"Kilekotid",,
11,"Lihaproduktid",,
11,"Lihaproduktid",,
11,"Kommid",,
11,"Kuivtoidud",,
11,"Saiad",,
11,"Halvaad",,
11,"Konservid",,
11,"Kodujuustud",,
11,"Koored",,
11,"Võid, margariinid",,
11,"Piim",,
11,"WC-puhastusvahendid",,
11,"Majapidamispaber",,
11,"Kommid",,
12,"Pakendatud valmistoidud",,
12,"Veinid",,
12,"Mahlad",,
12,"Pant 1.0",,
12,"Köögiviljad",,
12,"Saiad",,
12,"Leivad",,
12,"Saiad",,
12,"Kohv",,
12,"Makaronid",,
12,"Leivad",,
12,"Kuklid",,
12,"Puuviljad",,
12,"Koored",,
12,"Keefir",,
12,"Lihaproduktid",,
12,"Lihaproduktid",,
12,"Võid, margariinid",,
12,"Jogurtitooted",,
12,"Puuviljad",,
12,"Jogurtitooted",,
12,"Köögiviljad",,
12,"Munad",,
12,"Seebid",,
12,"Patareid",,
12,"DVD-d",,
12,"Piim",,
13,"Õlled",,
13,"Pant 0.5",,
13,"Õlled",,
13,"Pant 1.0",,
13,"Soolased määrded",,
13,"Võid, margariinid",,
13,"Jogurtitooted",,
13,"Jogurtitooted",,
13,"Maitseained",,
13,"Puuviljad",,
13,"Leivad",,
13,"Saiad",,
13,"Lihaproduktid",,
13,"Kohupiimatooted",,
13,"Piim",,
14,"Veinid",,
14,"Kilekotid",,
14,"Kalafileed",,
14,"Lihaproduktid",,
14,"Lihaproduktid",,
14,"Puuviljad",,
14,"Leivad",,
14,"Piim",,
14,"Šokolaadid",,
14,"Pähklid",,
15,"Küpsised",,
15,"Pakendamata salatid",,
15,"Pakendamata salatid",,
15,"Pakendamata salatid",,
15,"Filtriga sigaretid",,
15,"Lihaproduktid",,
15,"Puuviljad",,
16,"Kohupiimatooted",,
16,"Jogurtitooted",,
16,"Maitsetaimed",,
16,"Piim",,
16,"Jogurtitooted",,
16,"Lihaproduktid",,
16,"külmutatud pooltooted",,
16,"külmutatud pooltooted",,
16,"Lihafileed",,
16,"Lihaproduktid",,
16,"Dušitarbed",,
17,"Puuviljad",,
17,"Lihafileed",,
17,"Lihafileed",,
17,"Kalakonservid",,
17,"Kastmed",,
17,"Jogurtitooted",,
17,"Leivad",,
17,"Saiad",,
17,"Munad",,
17,"Kohupiimatooted",,
17,"Närimiskummid",,
17,"Piim",,
18,"Kilekotid",,
18,"Saiad",,
18,"Mahlad",,
18,"Köögiviljad",,
18,"Köögiviljad",,
18,"Juustud",,
18,"Pakendatud valmistoidud",,
18,"Köögiviljad",,
18,"Tee",,
18,"Jogurtitooted",,
18,"Šokolaadid",,
19,"Kilekotid",,
19,"Puuviljad",,
19,"Puuviljad",,
19,"Sepikud",,
19,"Mineraalvesi",,
19,"Pant 1.0",,
19,"Munad",,
19,"Mahlad",,
19,"Mahlad",,
19,"Juustud",,
19,"Juustud",,
19,"Lihaproduktid",,
19,"Saiad",,
19,"Leivad",,
20,"Saiad",,
20,"Kilekotid",,
20,"WC paber",,
20,"Mahlad",,
20,"Mahlad",,
20,"Sulatatud juustud",,
20,"Munad",,
20,"Juustud",,
20,"Juustud",,
20,"Jogurtitooted",,
20,"Köögiviljad",,
20,"Kuklid",,
20,"Küpsetustarvikud",,
20,"Piim",,
20,"Hakklihad",,
20,"Köögiviljad",,
20,"Lihaproduktid",,
20,"Köögiviljad",,
20,"Kalafileed",,
21,"Kodujuustud",,
21,"Juurviljad",,
21,"Juustud",,
21,"Jogurtitooted",,
21,"Kohupiimatooted",,
21,"Lihafileed",,
21,"Ketšupid",,
21,"Jäätis",,
21,"Lihaproduktid",,
21,"Kuivatatud",,
21,"Kuivatatud",,
22,"Saiakesed",,
22,"Piim",,
22,"Keefir",,
22,"Saiad",,
22,"Naiste deodorandid",,
22,"Leivad",,
22,"Koored",,
23,"Keefir",,
23,"Kodujuustud",,
23,"Juustud",,
23,"Maitseained",,
23,"Puuviljad",,
23,"Šampoonid",,
23,"Šampoonid",,
23,"Habemeajamistarbed",,
23,"Patareid",,
24,"Karastusjoogid",,
24,"Pant 1.0",,
24,"Leivad",,
24,"Saiad",,
24,"Saiakesed",,
24,"Jäätis",,
24,"Lihaproduktid",,
24,"Mahlad",,
24,"Lihaproduktid",,
25,"Pant 1.0",,
25,"Karastusjoogid",,
25,"Köögiviljad",,
25,"WC paber",,
25,"Pant 0.5",,
25,"Õlled",,
25,"Juurviljad",,
25,"Puuviljad",,
25,"Kohupiimatooted",,
26,"Majoneesid",,
26,"Jäätis",,
26,"Puuviljad",,
26,"Munad",,
26,"Köögiviljad",,
26,"Juurviljad",,
26,"Juurviljad",,
26,"Puuviljad",,
26,"Köögiviljad",,
26,"Kuivatatud",,
27,"Maitsetaimed",,
27,"Maitsetaimed",,
27,"Jogurtitooted",,
27,"Šokolaadid",,
27,"Puuviljad",,
27,"Kommid",,
27,"Piim",,
28,"Köögiviljad",,
28,"Kohupiimatooted",,
28,"Konserveeritud",,
28,"Konserveeritud",,
28,"Juurviljad",,
28,"Kohupiimatooted",,
28,"Puuviljad",,
29,"Puuviljad",,
29,"Juuksehooldusvahendid",,
29,"Kalafileed",,
29,"Jogurtitooted",,
29,"Konserveeritud",,
29,"Konserveeritud",,
29,"Kohupiimatooted",,
29,"Juurviljad",,
30,"Puuviljad",,
30,"Köögiviljad",,
30,"Kohupiimatooted",,
30,"Köögiviljad",,
30,"Konserveeritud",,
30,"Piim",,
30,"Riis",,
31,"Juurviljad",,
31,"Juurviljad",,
31,"Kohupiimatooted",,
31,"Piim",,
31,"Majoneesid",,
31,"Puuviljad",,
31,"Konserveeritud",,
31,"Maitsetaimed",,
31,"Kohupiimatooted",,
32,"Puuviljad",,
32,"Naiste deodorandid",,
32,"Maitselisandid",,
32,"Habemeajamistarbed",,
32,"Siidrid",,
32,"Pant 1.0",,
32,"Siidrid",,
32,"Pant 1.0",,
33,"Puuviljad",,
33,"Köögiviljad",,
33,"Puuviljad",,
33,"Puuviljad",,
33,"Köögiviljad",,
33,"Kilekotid",,
33,"Kuklid",,
33,"Maitsetaimed",,
33,"Maitsetaimed",,
34,"Köögiviljad",,
34,"Munad",,
34,"Külmutatud köögiviljad",,
34,"Mahlad",,
34,"Purgis",,
34,"Kalakonservid",,
34,"Piim",,
34,"WC paber",,
35,"Puuviljad",,
35,"Konserveeritud",,
35,"Kohupiimatooted",,
35,"Köögiviljad",,
35,"Köögiviljad",,
35,"Kohupiimatooted",,
35,"Piim",,
35,"Konserveeritud",,
35,"Seened",,
35,"Puuviljad",,
36,"Kodujuustud",,
36,"Aedviljad",,
36,"Lihaproduktid",,
36,"Saiakesed",,
36,"Koogid",,
36,"Saiakesed",,
36,"Piim",,
36,"Näohooldusvahendid",,
37,"Lihaproduktid",,
37,"Paberkotid",,
37,"Kohv",,
37,"Mahlad",,
37,"Õlled",,
37,"Pant 1.0",,
37,"Õlled",,
37,"Pant 0.5",,
37,"Filtriga sigaretid",,
37,"Kange alkohol",,
38,"Mahlad",,
38,"Leivad",,
38,"Kalafileed",,
38,"Kalakonservid",,
38,"Magusad määrded",,
38,"Saiakesed",,
38,"Koored",,
38,"Saiad",,
39,"Koogid",,
39,"Juustud",,
39,"Saiad",,
39,"Kohupiimatooted",,
39,"Naiste deodorandid",,
39,"Leivad",,
39,"Võid, margariinid",,
39,"Lihafileed",,
39,"Koored",,
39,"DVD-d",,
39,"Piim",,
40,"Koogid",,
40,"Saiakesed",,
40,"Saiakesed",,
40,"Kiirnuudlid",,
40,"Kilekotid",,
40,"Saiakesed",,
40,"Kommid",,
40,"Müsli",,
40,"Puuviljad",,
40,"Keefir",,
40,"Koored",,
40,"Konservid",,
40,"Leivad",,
40,"Piim",,
40,"Juustud",,
40,"Pakendatud valmistoidud",,
41,"külmutatud pooltooted",,
41,"Jogurtitooted",,
41,"Piim",,
41,"Juustud",,
41,"külmutatud pooltooted",,
41,"Saiad",,
41,"Makaronid",,
41,"Hakklihad",,
41,"Leivad",,
41,"Koored",,
41,"Piim",,
41,"Šampoonid",,
41,"Kilekotid",,
41,"Lihaproduktid",,
42,"Helbed",,
42,"Saiad",,
42,"Palsamid",,
42,"Lihaproduktid",,
42,"Puuviljad",,
42,"Juustud",,
42,"Leivad",,
42,"Šampoonid",,
42,"Naiste sukad/sokid",,
43,"Piim",,
43,"Pakendatud valmistoidud",,
43,"Naiste sukad/sokid",,
43,"Võid, margariinid",,
43,"Peotarbed",,
43,"Juustud",,
43,"Mahlad",,
43,"Koored",,
43,"Saiad",,
43,"Leivad",,
43,"Kodujuustud",,
44,"Maitsetaimed",,
44,"Hakklihad",,
44,"Kalakonservid",,
44,"Leivad",,
44,"Juustud",,
44,"Lihaproduktid",,
44,"Piim",,
45,"Munad",,
45,"Kohupiimatooted",,
45,"Kastmed",,
45,"Piim",,
45,"Kalakonservid",,
45,"Köögiviljad",,
45,"Maitsetaimed",,
45,"Konserveeritud",,
45,"Seened",,
45,"Kohupiimatooted",,
45,"Köögiviljad",,
45,"Tatar",,
45,"Puuviljad",,
45,"Puuviljad",,
45,"Köögiviljad",,
46,"Köögiviljad",,
46,"Hakklihad",,
46,"Lihaproduktid",,
46,"Lihaproduktid",,
46,"Lihaproduktid",,
46,"Õlled",,
46,"Õlled",,
46,"Kohv",,
46,"Koored",,
46,"Soolased määrded",,
46,"Saiad",,
46,"Võid, margariinid",,
46,"Koored",,
46,"Lihaproduktid",,
46,"Kalafileed",,
46,"Juustud",,
46,"Leivad",,
47,"Jogurtitooted",,
47,"Lihaproduktid",,
47,"Lihaproduktid",,
47,"Lihaproduktid",,
47,"Lihaproduktid",,
47,"Kalakonservid",,
47,"Koogid",,
47,"Munad",,
48,"Köögiviljad",,
48,"Köögiviljad",,
48,"Juurviljad",,
48,"konserveeritud",,
48,"Saiad",,
48,"Juustud",,
48,"Pakendatud valmistoidud",,
48,"Tee",,
49,"Lihaproduktid",,
49,"Puuviljad",,
49,"Koored",,
49,"Kalaproduktid",,
49,"Maitsetaimed",,
49,"Puuviljad",,
49,"Leivad",,
49,"Maitsetaimed",,
49,"Juustud",,
49,"Pakendatud valmistoidud",,
49,"Pakendatud valmistoidud",,
50,"Maitsetaimed",,
50,"Külmutatud aedviljad",,
50,"Köögiviljad",,
50,"Lihaproduktid",,
50,"Kiirnuudlid",,
50,"Filtriga sigaretid",,
50,"Puuviljad",,
50,"külmutatud pooltooted",,
50,"Külmutatud aedviljad",,
50,"Koored",,
50,"Soolased määrded",,
51,"Puuviljad",,
51,"Puuviljad",,
51,"Lauavesi",,
51,"Juustud",,
51,"Šokolaadid",,
51,"Pähklid",,
51,"Leivad",,
51,"Kiirnuudlid",,
51,"Lihaproduktid",,
51,"Kohv",,
52,"Koored",,
52,"Lihakonservid",,
52,"Koored",,
52,"Puuviljad",,
52,"Puuviljad",,
52,"Juustud",,
52,"Šokolaadid",,
52,"Kohupiimatooted",,
52,"Jogurtitooted",,
53,"Puuviljad",,
53,"Kilekotid",,
53,"Saiad",,
53,"Piim",,
53,"Koogid",,
53,"Lihaproduktid",,
53,"Jogurtitooted",,
54,"Munad",,
54,"Ajalehed",,
54,"Köögiviljad",,
54,"WC paber",,
54,"Lihaproduktid",,
54,"Keefir",,
54,"WC paber",,
55,"Närimiskummid",,
55,"Lihaproduktid",,
55,"Maitsetaimed",,
55,"Leivad",,
55,"Pärm",,
55,"Koored",,
55,"Koored",,
55,"Juustud",,
56,"Filtriga sigaretid",,
56,"Pakendatud valmistoidud",,
56,"Saiakesed",,
56,"Kilekotid",,
56,"Lihaproduktid",,
56,"Maitsetaimed",,
56,"Piim",,
56,"Seemned",,
56,"Mahlad",,
56,"Koored",,
56,"Köögiviljad",,
57,"Kilekotid",,
57,"Mineraalvesi",,
57,"Mineraalvesi",,
57,"Mahlad",,
57,"Piim",,
57,"Kommid",,
57,"Kalafileed",,
57,"Portsjontoidud",,
58,"Õlled",,
58,"Piim",,
58,"Koored",,
58,"Mineraalvesi",,
58,"Kohupiimatooted",,
58,"Külmutatud pooltooted",,
58,"Saiakesed",,
59,"Siidrid",,
59,"Õlled",,
59,"Lihaproduktid",,
59,"Lihaproduktid",,
59,"Pakendamata salatid",,
59,"Plast/pappsöögitarvikud",,
59,"Kilekotid",,
60,"Siidrid",,
60,"Õlled",,
60,"Lihaproduktid",,
60,"Kilekotid",,
60,"Lihaproduktid",,
60,"Ketšupid",,
60,"Leivad",,
60,"Lihaproduktid",,
60,"Pakendamata salatid",,
61,"Kilekotid",,
61,"Siidrid",,
61,"Karastusjoogid",,
61,"Õlled",,
61,"Külmutatud köögiviljad",,
61,"Jogurtitooted",,
61,"Lihaproduktid",,
61,"Majoneesid",,
61,"Lihaproduktid",,
61,"Munad",,
61,"külmutatud pooltooted",,
61,"Õlid",,
61,"külmutatud pooltooted",,
61,"Mahlad",,
61,"Soolased määrded",,
61,"WC paber",,
61,"Sulatatud juustud",,
61,"Piim",,
61,"Puuviljad",,
61,"Saiad",,
61,"Koored",,
62,"Karastusjoogid",,
62,"Mineraalvesi",,
62,"Leivad",,
62,"Leivad",,
62,"Jogurtitooted",,
62,"Kilekotid",,
62,"Jäätis",,
62,"Portsjontoidud",,
62,"Juustud",,
62,"Sulatatud juustud",,
62,"Filtriga sigaretid",,
62,"Lihaproduktid",,
62,"Külmutatud pooltooted",,
62,"Šampoonid",,
63,"Köögiviljad",,
63,"Lihaproduktid",,
63,"Sepikud",,
63,"Köögiviljad",,
63,"Puuviljad",,
63,"Võid, margariinid",,
63,"Puuviljad",,
63,"Koored",,
64,"Pakendatud valmistoidud",,
64,"Lihaproduktid",,
64,"Kastmed",,
64,"Soolased määrded",,
64,"Võid, margariinid",,
64,"Kilekotid",,
64,"Külmutatud pooltooted",,
64,"Külmutatud pooltooted",,
64,"Piim",,
64,"Lihaproduktid",,
64,"Jäätis",,
64,"Jäätis",,
64,"Õlled",,
64,"Pant 1.0",,
65,"Piim",,
65,"Kohupiimatooted",,
65,"Juustud",,
65,"Munad",,
65,"Konserveeritud",,
65,"Koored",,
65,"Köögiviljad",,
65,"Köögiviljad",,
65,"Köögiviljad",,
65,"Näohooldusvahendid",,
65,"Maitsetaimed",,
66,"Külmutatud pooltooted",,
66,"külmutatud pooltooted",,
66,"Külmutatud lihatooted",,
66,"Kiirtoidud",,
66,"külmutatud pooltooted",,
66,"Lihafileed",,
66,"Juustud",,
66,"Pakendatud valmistoidud",,
66,"Piim",,
67,"Koored",,
67,"Kilekotid",,
67,"Lauavesi",,
67,"Pant 1.0",,
67,"Koored",,
67,"Saiad",,
67,"Sepikud",,
67,"Maitseained",,
67,"Karastusjoogid",,
67,"Pant 1.0",,
67,"Maitseained",,
67,"Karastusjoogid",,
67,"Pant 1.0",,
67,"Karastusjoogid",,
67,"Pant 1.0",,
67,"Köögiviljad",,
67,"Pesupesemisvahendid",,
67,"Lihaproduktid",,
67,"Köögiviljad",,
67,"Salvrätikud/hügieenitarvikud",,
67,"Juurviljad",,
